{
  "version": 1,
  "screen_width": 1920,
  "screen_height": 1080,
  "coef_x": [
    -4392.836655327406,
    -65652.79152653123,
    -101969.48187932913,
    44509.38242750027,
    -196840.40348014832,
    -302275.5990250663
  ],
  "coef_y": [
    11464.698640942504,
    65861.23470054906,
    151740.2526329158,
    -127664.49324581347,
    129648.05775169595,
    410839.8246517675
  ]
}