{
  "runtime_seconds": 32.09043288230896,
  "total_frames": 398,
  "detection_rate": 0.9974874371859297,
  "recent_detection_rate": 1.0,
  "fps": 30.20288618043272,
  "avg_detection_time_ms": 3.0053138732910156,
  "position_jitter_px": 15.242218968445435,
  "position_variance": [
    2790.5155555555557,
    417.9955555555555
  ],
  "gaze_stability_deg_per_frame": 3.8918493893784656,
  "recent_positions": [
    [
      285,
      256
    ],
    [
      312,
      257
    ],
    [
      312,
      257
    ],
    [
      273,
      269
    ],
    [
      252,
      271
    ],
    [
      267,
      256
    ],
    [
      261,
      261
    ],
    [
      301,
      251
    ],
    [
      281,
      243
    ],
    [
      253,
      245
    ],
    [
      280,
      241
    ],
    [
      288,
      234
    ],
    [
      293,
      229
    ],
    [
      284,
      227
    ],
    [
      264,
      207
    ],
    [
      244,
      218
    ],
    [
      231,
      208
    ],
    [
      216,
      230
    ],
    [
      207,
      211
    ],
    [
      136,
      252
    ],
    [
      144,
      241
    ],
    [
      150,
      231
    ],
    [
      145,
      208
    ],
    [
      169,
      195
    ],
    [
      178,
      202
    ],
    [
      188,
      215
    ],
    [
      195,
      220
    ],
    [
      206,
      227
    ],
    [
      212,
      226
    ],
    [
      219,
      224
    ]
  ]
}