{
  "runtime_seconds": 96.10868310928345,
  "total_frames": 2349,
  "detection_rate": 0.2260536398467433,
  "recent_detection_rate": 0.0,
  "fps": 30.225776091803603,
  "avg_detection_time_ms": 0.317231814066569,
  "position_jitter_px": 43.295043426275626,
  "position_variance": [
    5084.715555555556,
    2272.5155555555552
  ],
  "gaze_stability_deg_per_frame": 2.6155938346677887,
  "recent_positions": [
    [
      385,
      238
    ],
    [
      388,
      228
    ],
    [
      388,
      228
    ],
    [
      388,
      228
    ],
    [
      388,
      228
    ],
    [
      388,
      228
    ],
    [
      388,
      228
    ],
    [
      251,
      247
    ],
    [
      251,
      247
    ],
    [
      251,
      247
    ],
    [
      251,
      247
    ],
    [
      251,
      247
    ],
    [
      269,
      209
    ],
    [
      261,
      207
    ],
    [
      255,
      206
    ],
    [
      255,
      206
    ],
    [
      255,
      206
    ],
    [
      255,
      206
    ],
    [
      255,
      206
    ],
    [
      255,
      206
    ],
    [
      255,
      206
    ],
    [
      256,
      202
    ],
    [
      256,
      202
    ],
    [
      407,
      329
    ],
    [
      407,
      329
    ],
    [
      407,
      329
    ],
    [
      407,
      329
    ],
    [
      407,
      329
    ],
    [
      407,
      329
    ],
    [
      407,
      329
    ]
  ]
}